<?xml version="1.0"?>
<config>
    <type name="Magento\QuoteGraphQl\Model\Resolver\AvailablePaymentMethods">
        <plugin
            sortOrder="10"
            name="bluepaymentGraphQlAvailablePaymentMethods"
            type="BlueMedia\BluePaymentGraphQl\Plugin\Model\Resolver\AvailablePaymentMethodsPlugin"/>
    </type>

    <type name="Magento\QuoteGraphQl\Model\Resolver\SelectedPaymentMethod">
        <plugin
                sortOrder="10"
                name="bluepaymentGraphQlSelectedPaymentMethod"
                type="BlueMedia\BluePaymentGraphQl\Plugin\Model\Resolver\SelectedPaymentMethodPlugin"/>
    </type>

    <type name="Magento\QuoteGraphQl\Model\Resolver\SetPaymentMethodOnCart">
        <plugin
            sortOrder="10"
            name="bluepaymentGraphQlSetPaymentMethodOnCart"
            type="BlueMedia\BluePaymentGraphQl\Plugin\Model\Resolver\SetPaymentMethodOnCartPlugin"/>
    </type>

    <type name="Magento\SalesGraphQl\Model\Order\OrderPayments">
        <plugin
            sortOrder="10"
            name="bluepaymentGraphQlOrderPaymentsUpdateTitle"
            type="BlueMedia\BluePaymentGraphQl\Plugin\Model\Order\SetTitleToBluepaymentMethod" />
    </type>
</config>
