<?xml version="1.0"?>
<!--
/**
 * Copyright © Magento, Inc. All rights reserved.
 * See COPYING.txt for license details.
 */
-->
<config xmlns:xsi="http://www.w3.org/2001/XMLSchema-instance" xsi:noNamespaceSchemaLocation="urn:magento:framework:ObjectManager/etc/config.xsd">
    <type name="Magento\QuoteGraphQl\Model\Cart\Payment\AdditionalDataProviderPool">
        <arguments>
            <argument name="dataProviders" xsi:type="array">
                <item name="bluepayment" xsi:type="object">BlueMedia\BluePaymentGraphQl\Model\Resolver\BluepaymentDataProvider</item>
            </argument>
        </arguments>
    </type>
</config>
